{"policy_loss": [0, 0, 0, 4.408054828643799, 4.406269550323486], "value_loss": [0, 0, 0, 0.9389519691467285, 0.9175376892089844], "total_loss": [0, 0, 0, 5.347006797790527, 5.323807239532471], "eval_win_rate": [1.0]}